f90cD3E76f1A9b9,bethany14@example.com,214.112.6044x4913
DbeAb8CcdfeFC2c,bthompson@example.com,277.609.7938
A31Bee3c201ef58,kaitlinkaiser@example.com,584.094.6111
bE9EEf34cB72AF7,conniecowan@example.com,+1-773-151-6685x49162
2EFC6A4e77FaEaC,wyattbishop@example.com,001-447-699-7998x88612
BF0BbA03C29Bb3b,huangcathy@example.com,895.881.4746
b759b74BD1dE80d,mercedes44@example.com,(216)627-8359
D6dbA5308fEC4BC,sheenabanks@example.com,(246)187-4969
7F7E1BAcb0C9AFf,gilbertdonaldson@example.com,219.436.0887x07551
88473e15D5c3cD0,jcortez@example.com,+1-958-849-6781
c5B09fb33e8bA0A,cassandramorris@example.com,(468)276-9509x53058
F0fE2faAd78F8b5,mconrad@example.com,223.002.0429
e92A191E345fA3A,vickihouston@example.com,(830)774-9002x086
5F2f3fAca8B0946,lhernandez@example.com,(975)799-4261
D3Fa0220dDE4d36,roberto29@example.com,(655)887-2040x37888
Fac3BfFf0A3d03c,amyanderson@example.com,497-774-3053
0aBE5ACb18E0c10,hutchinsonkirk@example.com,001-740-937-0846x0087
9Df5Ba591bF3EFf,imccullough@example.com,116-729-5046
3faB1CBfEFBDdD4,corey92@example.com,593.976.2528
e75e5DBfcb68887,ubanks@example.com,+1-096-606-6454x067
5bC87340799FBD0,kristina76@example.com,(954)060-1066
dBfA17Aaf16b4ab,weissbridget@example.com,+1-521-589-2387x48490
AdEd6cfD85DeC46,vpaul@example.com,(742)214-8691
CB19EafEbBfF9eC,oblake@example.com,160-144-5039x12276
9425E2F38C408ef,teresa37@example.com,(164)105-8456
d6EA619A7C4aA95,sheenadouglas@example.com,(900)803-9295x11533