1,88F7B33d2bcf9f5,Shelby,Terrell,Male,elijah57@example.net,001-084-906-7849x73518,10/26/1945 12:00:00 AM,Games developer
3,DbeAb8CcdfeFC2c,Kristine,Travis,Male,bthompson@example.com,277.609.7938,7/2/1992 12:00:00 AM,Homeopath
4,A31Bee3c201ef58,Yesenia,Martinez,Male,kaitlinkaiser@example.com,584.094.6111,8/3/2017 12:00:00 AM,Market researcher
5,1bA7A3dc874da3c,Lori,Todd,Male,buchananmanuel@example.net,689-207-3558x7233,12/1/1938 12:00:00 AM,Veterinary surgeon
6,bfDD7CDEF5D865B,Erin,Day,Male,tconner@example.org,001-171-649-9856x5553,10/28/2015 12:00:00 AM,Waste management officer
8,2EFC6A4e77FaEaC,Ricardo,Hinton,Male,wyattbishop@example.com,001-447-699-7998x88612,3/26/1924 12:00:00 AM,Hydrogeologist
9,baDcC4DeefD8dEB,Dave,Farrell,Male,nmccann@example.net,603-428-2429x27392,10/6/2018 12:00:00 AM,Lawyer
10,8e4FB470FE19bF0,Isaiah,Downs,Male,virginiaterrell@example.org,+1-511-372-1544x8206,9/20/1964 12:00:00 AM,"Engineer
12,F738c69fB34E62E,Stacy,Newton,Male,rayleroy@example.org,710.673.3213x80335,10/20/1980 12:00:00 AM,Warden/ranger
13,C03fDADdAadAdCe,Mandy,Blake,Male,jefferynoble@example.org,(992)466-1305x4947,12/8/2007 12:00:00 AM,"Scientist
15,1F0B7D65A00DAF9,Crystal,Farmer,Male,pmiranda@example.org,+1-024-377-5391,3/9/1992 12:00:00 AM,Agricultural consultant
17,D6dbA5308fEC4BC,Maurice,Rangel,Male,sheenabanks@example.com,(246)187-4969,8/20/2004 12:00:00 AM,Secretary/administrator
18,311D775990f066d,Frank,Meadows,Male,gbrewer@example.org,429.965.3902x4447,9/16/2008 12:00:00 AM,Audiological scientist
19,7F7E1BAcb0C9AFf,Alvin,Paul,Male,gilbertdonaldson@example.com,219.436.0887x07551,5/12/1949 12:00:00 AM,"Teacher
23,cBbBcA0FCA3C4Bc,Randy,Barnes,Male,huangbill@example.org,001-960-629-7164x67214,12/30/1947 12:00:00 AM,Outdoor activities/education manager
26,c9F2282C40BEC1E,Sean,Levine,Male,sallymiller@example.net,4915828504,10/9/2010 12:00:00 AM,"Conservation officer
27,9c1bc7EC53Fb7cE,Louis,Payne,Male,bsullivan@example.net,6232695307,1/29/1916 12:00:00 AM,Counsellor
29,66F096D36Ebae11,Judy,Buckley,Male,irosales@example.net,001-654-208-1241x52830,7/28/1963 12:00:00 AM,Art gallery manager
30,F0fE2faAd78F8b5,Norman,Weber,Male,mconrad@example.com,223.002.0429,5/21/1957 12:00:00 AM,Gaffer
32,cDa5F303fCd6dEa,Jacqueline,Gallagher,Male,nsampson@example.net,(247)762-8934,2/25/1999 12:00:00 AM,Building services engineer
36,035eff50B9A0F24,Melody,Cook,Male,jeannovak@example.org,(826)792-7381,6/25/1963 12:00:00 AM,Research scientist (life sciences)
37,aa614aAE4B7Cf0C,Leonard,Hurst,Male,clinton78@example.org,941-038-0427x38800,3/13/1938 12:00:00 AM,"Accountant
45,5F2f3fAca8B0946,Darren,Andrews,Male,lhernandez@example.com,(975)799-4261,10/4/1997 12:00:00 AM,Retail banker
48,Ee4eB129dC7913A,Becky,Brady,Male,erikmueller@example.org,(390)002-0863,6/27/1957 12:00:00 AM,Seismic interpreter
49,dBCEf340C3657Eb,Caitlyn,Frey,Male,rivasdominique@example.org,805-021-3965x46344,1/26/1968 12:00:00 AM,Jewellery designer
50,E47FB71DD9ACCd9,Joshua,Sweeney,Male,daisymcgee@example.net,875.994.2100x535,7/28/1954 12:00:00 AM,"Education officer
60,0f8deedb629A5f6,Grace,Phelps,Male,clarkeangela@example.net,(034)867-8827x6777,10/15/1909 12:00:00 AM,Petroleum engineer
61,bB9e49E506F65ed,Shari,Daugherty,Male,kalvarado@example.org,001-951-655-4798x6124,11/24/1944 12:00:00 AM,Curator
62,Ed724605A403D91,Kelli,Garner,Male,jodyvincent@example.org,995.000.4213x0982,1/17/2010 12:00:00 AM,Retail banker
63,0aBE5ACb18E0c10,Jackie,Bennett,Male,hutchinsonkirk@example.com,001-740-937-0846x0087,11/11/1915 12:00:00 AM,Neurosurgeon
66,cEf02C076afa07f,Larry,Harper,Male,maria32@example.org,+1-244-630-3792x4121,5/5/2021 12:00:00 AM,"Scientist
69,Ebcefdf75eCb0a9,Frank,Pineda,Male,daltoncalvin@example.net,(035)961-5060x9182,3/10/1926 12:00:00 AM,Hospital pharmacist
70,e75e5DBfcb68887,Sandra,Wu,Male,ubanks@example.com,+1-096-606-6454x067,4/28/1925 12:00:00 AM,Warehouse manager
71,6a53a8D41dDF6de,Ryan,Benton,Male,lopezdebbie@example.org,+1-695-557-9948x485,10/6/2020 12:00:00 AM,Physiological scientist
72,F0d3bD1aaf9E3Bc,Tamara,Hull,Male,meagan39@example.net,017.665.3744x7944,1/31/1933 12:00:00 AM,English as a second language teacher
76,b3e15e65Ca2CcBf,Tina,Cunningham,Male,wongmary@example.org,079-907-5051,11/29/1956 12:00:00 AM,Race relations officer
77,dade3452F0c32FD,Jonathon,Atkinson,Male,gailfrench@example.net,874-037-2032x932,7/19/2011 12:00:00 AM,"Psychologist
79,DAf111987098ae4,Regina,Stevens,Male,xpoole@example.net,891-359-2684,11/28/2011 12:00:00 AM,Public house manager
80,6e6a5b885F6496d,Terrence,Huff,Male,cassandra80@example.org,221.800.6408x5416,2/27/1944 12:00:00 AM,Careers information officer
82,E1cB5cA8CA7CC0a,Andrew,Waters,Male,nhall@example.net,+1-376-865-2765x3351,5/14/1948 12:00:00 AM,Jewellery designer
83,AedDfaE8Cf49F07,Reginald,Stephenson,Male,erikaball@example.net,+1-832-500-6044x475,2/8/2010 12:00:00 AM,Contracting civil engineer
86,CB19EafEbBfF9eC,Mario,Vaughn,Male,oblake@example.com,160-144-5039x12276,7/8/1990 12:00:00 AM,Research scientist (life sciences)
87,5834700fbEd2771,Chelsea,Dickson,Male,johnnyhendricks@example.net,001-698-651-0138x18588,5/13/1958 12:00:00 AM,"Teacher
88,2b0Ab1Dc9E01D7E,Dustin,Bailey,Male,pbarron@example.net,+1-965-621-1157x345,8/22/1908 12:00:00 AM,Travel agency manager
94,d181FFB7d3E68bb,Xavier,Cole,Male,nicolas90@example.org,8164259975,11/29/1938 12:00:00 AM,Financial planner
98,2fEc528aFAF0b69,Wesley,Bray,Male,regina11@example.org,995-542-3004x76800,12/28/1994 12:00:00 AM,Police officer
100,b8D0aD3490FC7e1,Mariah,Bernard,Male,pcopeland@example.org,(341)594-6554x44657,11/15/2016 12:00:00 AM,IT sales professional